Number,Name,Latitude,Longitude
1,Ben Chonzie,56.453851,-3.992057
2,Creagan na Beinne,56.506918,-4.041691
3,Creag Uchdag,732324,56.465278
4,Auchnafree Hill,56.454346,-3.934667
5,Shee of Ardtalnaig [Ciste Buide a'Claidheimh],56.491391,-4.06498
6,Beinn na Gainimh,56.487851,-3.890016
7,Meall Buidhe,56.419004,-4.308645
8,Creag Ruadh,56.436804,-4.151869
9,Meall Dearg,56.552173,-3.812784
10,Creag Each,56.410297,-4.185395
11,Creag Gharbh,56.46677,-4.221506
12,Meall nan Caorach,56.484891,-3.741256
13,Meall Reamhar,56.479066,-3.751689
14,Creag na Criche,56.496887,-3.649095
15,Birnam Hill - King's Seat,56.543547,-3.575752
16,Knock of Crieff,56.389329,-3.826973
17,Ben Vorlich,56.342671,-4.219463
18,Stuc a'Chroin,56.329315,-4.237533
19,Beinn Each,56.313957,-4.262199
20,Meall na Fearna,56.341247,-4.184316
21,Beinn Dearg,56.352093,-4.110623
22,Sgiath a'Chaise,56.323605,-4.29177
23,Mor Bheinn,56.365368,-4.079704
24,Ben Clach,56.31322,-4.007267
25,Torlum,56.350611,-3.912514
26,Ben More,56.385952,-4.540103
27,Stob Binnein,56.370726,-4.535753
28,Stob Coire an Lochain,56.364913,-4.529521
29,Cruach Ardrain SW Top,56.355467,-4.577899
30,Cruach Ardrain,56.356429,-4.576151
31,An Caisteal,56.3386,-4.624368
32,Ben Lomond,56.190284,-4.633008
33,Meall na Dige,56.370157,-4.510289
34,Stob Garbh,56.364811,-4.573721
35,Beinn Tulaichean,56.342216,-4.56333
36,Beinn a'Chroin East Top [Beinn a'Chroin],56.332393,-4.599295
37,Beinn a'Chroin West Top,56.331719,-4.612328
38,Beinn Chabhair,56.325775,-4.641485
39,Creag a'Bhragit,56.368977,-4.513515
40,Stob Garbh SE Top,56.361037,-4.570665
41,Stob Creagach,56.37552,-4.496211
42,Ben Ledi,56.258659,-4.322375
43,Stob a'Choin,715975,56.309674
44,Meall an t-Seallaidh,723408,56.380403
45,Benvane,56.293295,-4.368435
46,Creag Mac Ranaich,725567,56.399888
47,Beinn Stacach [Ceann na Baintighearna] [Stob Fear-tomhais] [Beinn Stacath],56.31467,-4.468143
48,Beinn a'Choin,56.281081,-4.659947
49,The Stob,56.376801,-4.444527
50,Meall Mor,56.301077,-4.613679
51,Ben Venue,56.225006,-4.461986
52,Stob Breac,56.316392,-4.51208
53,Meall Cala,56.283892,-4.411285
54,Creag Mhor,56.335473,-4.411255
55,Cruinn a'Bheinn,56.210735,-4.637088
56,Beinn Uamha,56.227267,-4.604292
57,Beinn Uird,56.152448,-4.578276
58,Binnean nan Gobhar,56.137292,-4.545856
59,Beinn an t-Sidhein,717861,56.330759
60,Meall Gainmheich,56.254715,-4.407384
61,Beinn Dubh,56.206333,-4.573894
62,Beinn Dearg,56.205721,-4.276572
63,Craig of Monievreckie,56.188425,-4.342241
64,Conic Hill,56.098586,-4.521076
65,Ben Lui [Beinn Laoigh],56.397013,-4.81051
66,Ben Lui NW Top,56.398011,-4.81209
67,Ben Oss,56.389263,-4.775488
68,Beinn Ime,56.23682,-4.817159
69,Beinn Dubhchraig,56.391304,-4.743194
70,Beinn Bhuidhe,56.326662,-4.906722
71,Ben Vorlich,56.27403,-4.755047
72,Ben Oss North Top,56.394164,-4.770577
73,Ben Vorlich North Top,56.278801,-4.755923
74,Beinn Narnain,56.220947,-4.789002
75,Beinn a'Chleibh,725606,56.390231
76,Ben Vane,56.249777,-4.781638
77,Beinn Bhuidhe East Top,56.332282,-4.891698
78,Beinn Chorranach,56.245838,-4.819357
79,The Cobbler [Ben Arthur],56.213037,-4.808042
80,Beinn Chuirn,56.423887,-4.789867
81,Beinn Luibhean,56.231249,-4.836341
82,Stob Coire Creagach [Binnein an Fhidhleir],56.2577,-4.857968
83,Meall an Fhudair,56.333881,-4.798858
84,Meall nan Gabhar,56.375523,-4.85848
85,Meall nan Gabhar (old GR),56.376811,-4.860682
86,Beinn Damhain,56.316818,-4.779041
87,Meall Odhar,56.430037,-4.76167
88,Fiarach,56.398537,-4.683429
89,Beinn Bhalgairean,56.374992,-4.912121
90,Beinn Ghlas,718084,56.31819
91,Cruach Tairbeirt,231262,705871
92,Dun Corr-bhile,56.250182,-5.062218
93,Doune Hill,56.136259,-4.752375
94,Beinn Chaorach,56.093338,-4.754424
95,Beinn a'Mhanaich,56.112762,-4.785269
96,Beinn Eich,56.114637,-4.732361
97,Cruach an t-Sidhein,56.12978,-4.776779
98,Beinn Bhreac,56.163652,-4.704575
99,Mid Hill [Beinn Dubh],56.128894,-4.702958
100,Tullich Hill,56.167836,-4.749947
101,The Fruin,56.046771,-4.769123
102,Ben Bowie,56.010052,-4.664305
103,Schiehallion,56.666942,-4.100213
104,Beinn a'Chreachain,56.560382,-4.647618
105,Beinn Dorain,56.502888,-4.722142
106,Carn Sasunnaich [Beinn Dorain North Top],56.505945,-4.723248
107,Carn Mairg,56.634662,-4.14561
108,Beinn Achaladair,56.551887,-4.694525
109,Carn Gorm,56.622519,-4.226052
110,Meall Liath,56.634511,-4.132442
111,Meall a'Bharr,56.636858,-4.17287
112,Beinn an Dothaidh,56.530113,-4.713947
113,Beinn Achaladair South Top,56.541123,-4.697696
114,Beinn an Dothaidh West Top,56.530699,-4.722056
115,Meall na Aighean,56.620618,-4.12874
116,Meall Buidhe,56.557811,-4.670321
117,Meall na Aighean West Top,56.618636,-4.135312
118,Meall Garbh,56.637372,-4.207456
119,Meall Garbh (old GR),56.635993,-4.202124
120,Stuchd an Lochain [Stuc an Lochain],56.570907,-4.470619
121,Beinn a'Chreachain North Top [Top of Coire Dubh],56.568066,-4.641318
122,Beinn Mhanach,56.534022,-4.646074
123,Meall Buidhe,56.61724,-4.448608
124,Sron Chona Choirein,56.568681,-4.453657
125,An Sgorr,56.630626,-4.217432
126,Beinn a'Chuirn,56.531624,-4.668237
127,Meall Luaidhe,56.63058,-4.19251
128,Meall Buidhe SE Top,56.608283,-4.444362
129,Garbh Mheall,56.62295,-4.445701
130,Meall Buidhe,56.570153,-4.562
131,Meall na Aighean East Top,56.61942,-4.110366
132,Cam Chreag,56.611086,-4.385627
133,Sron a'Choire Chnapanich [Sron a'Choire Chnapanaich],56.574164,-4.514792
134,Beinn Dearg,56.618921,-4.268971
135,Meall Tairneachan,56.665895,-3.947405
136,Farragon Hill,56.675063,-3.894208
137,Meall a'Mhuic,56.627431,-4.317252
138,Leagag,56.653499,-4.417577
139,Dun Coillich,56.658181,-4.020364
140,Meall Chomraidh,56.668141,-4.475561
141,Ben Lawers,56.544922,-4.22086
142,An Stuc,56.560093,-4.216258
143,Meall Garbh,56.566122,-4.207707
144,Beinn Ghlas,56.536005,-4.236977
145,Beinn Sheasgarnaich [Beinn Heasgarnich],56.510272,-4.579218
146,Meall Corranaich,56.540946,-4.253469
147,Creag an Fhithich,56.552337,-4.221262
148,Creag Mhor,56.48951,-4.614038
149,Meall nan Tarmachan,56.521655,-4.301343
150,Meall Ghaordaidh,56.525809,-4.416654
151,Meall Garbh,56.515534,-4.312042
152,Ben Challum [Beinn Challuim],56.454565,-4.619183
153,Stob an Fhir-Bhogha,56.500309,-4.582458
154,Meall Greigh,56.567426,-4.159543
155,Beinn nan Eachan East Top,56.515862,-4.319058
156,Beinn nan Eachan,56.515574,-4.325293
157,Ben Challum South Top [Beinn Challuim South Top],56.448669,-4.619589
158,Meall Glas,56.455712,-4.546821
159,Stob nan Clach,56.481012,-4.620616
160,Beinn Sheasgarnaich North Top,56.517809,-4.566789
161,Beinn Cheathaich,56.46032,-4.526708
162,Sron dha-Murchdi,56.534482,-4.260046
163,Meall a'Choire Leith,56.566312,-4.259625
164,Meall nan Tarmachan SE Top [Meall nan Tarmachan South Top],56.517407,-4.294459
165,Sgiath Chuil,56.453149,-4.495653
166,Meall a'Churain,56.459329,-4.496237
167,Creag na Caillich,256285,737700
168,Beinn nan Oighreag,56.540091,-4.373237
169,Beinn Odhar,56.467652,-4.700459
170,Beinn a'Chaisteil,56.490614,-4.686104
171,Cam Chreag,56.476037,-4.639096
172,Beinn nan Imirean,56.44413,-4.565842
173,Beinn Chaorach,56.458902,-4.664919
174,Beinn nam Fuaran,56.507156,-4.664648
175,Meall nan Subh,56.524497,-4.503808
176,Meall nam Maigheach,743587,56.562874
177,Drummond Hill,56.584613,-4.037378
178,Aonach Eagach - Sgorr nam Fiannaidh,56.679387,-5.037143
179,Aonach Eagach - Meall Dearg,56.68072,-5.003271
180,Am Bodach,56.677903,-4.991486
181,Stob Coire Leith,56.681382,-5.022769
182,Meall Dearg East Top,56.679442,-5.00078
183,A'Chailleach,56.678051,-4.957485
184,Aonach Eagach West Top,56.679714,-5.015895
185,Garbh Bheinn,56.696584,-4.991428
186,Beinn a'Chrulaiste,56.668905,-4.863529
187,Sgorr na Ciche [Pap of Glencoe],56.688824,-5.062895
188,Stob na Cruaiche,56.676925,-4.672662
189,Leathad Mor,56.622896,-4.644678
190,Glas Bheinn,56.587861,-4.726247
191,Bidean nam Bian,56.642768,-5.029335
192,Stob Coire nan Lochan,56.648848,-5.021795
193,Stob Coire nam Beith,56.646082,-5.036829
194,Stob Coire Sgreamhach,56.638322,-5.010285
195,Beinn a'Bheithir - Sgorr Dhearg,56.653921,-5.17151
196,Buachaille Etive Mor - Stob Dearg,56.646229,-4.900336
197,Stob na Doire,56.636789,-4.924217
198,Beinn a'Bheithir - Sgorr Dhonuill,56.650499,-5.197757
199,Sgor na h-Ulaidh,56.619813,-5.080078
200,Stob an Fhuarain,56.624796,-5.069053
201,Beinn Fhionnlaidh,56.600979,-5.104733
202,Buachaille Etive Beag - Stob Dubh,56.63815,-4.970746
203,Buachaille Etive Mor - Stob na Broige,56.62988,-4.951151
204,Beinn Fhada [Stob Coire Sgreamhach East Top],56.64202,-5.002732
205,Sgorr Bhan,56.656002,-5.16217
206,Stob Coire Altruim,56.634371,-4.941031
207,Beinn Sgulaird,56.566232,-5.170365
208,Beinn Fhada NE Top [Beinn Fhada],56.644559,-4.995446
209,Buachaille Etive Beag - Stob Coire Raineach,56.649947,-4.951703
210,Beinn Sgulaird North Top,56.568032,-5.166739
211,Beinn Maol Chaluim,752585,56.627844
212,Fraochaidh,56.615678,-5.213625
213,Beinn Trilleachan,56.547978,-5.114433
214,Creach Bheinn,56.530492,-5.215023
215,Meall Lighiche,56.628471,-5.107497
216,Mam Hael [Beinn Bhreac],56.517752,-5.238596
217,Beinn Mheadhonach,56.482376,-5.217221
218,Beinn Molurgainn,56.510851,-5.220171
219,Meall Mor,56.656421,-5.091487
220,Sgorr a'Choise,56.648992,-5.126173
221,Meall Ban,56.597129,-5.265886
222,Beinn Mheadhonach,56.543422,-5.150379
223,Beinn Duirinnis,56.463336,-5.213774
224,An Grianan,56.582778,-5.135769
225,Beinn Churalain,56.563951,-5.272195
226,Beinn Donn,56.576881,-5.320889
227,Beinn Sgluich,56.608857,-5.314879
228,Na Maoilean,737215,56.483365
229,Beinn Lora,56.485676,-5.38083
230,Ardsheal Hill,56.660324,-5.272779
231,Airds Hill,745822,56.558392
232,Ben Cruachan,56.426839,-5.131828
233,Meall a'Bhuiridh,56.612218,-4.852078
234,Stob Dearg [Taynuilt Peak],56.42899,-5.143783
235,Creise,56.614449,-4.871979
236,Clach Leathad,56.602628,-4.868196
237,Stob Ghabhar,56.568102,-4.882115
238,Ben Starav,56.538939,-5.049798
239,Stob Coire Dheirg (old GR),56.53699,-5.04533
240,Mam Coire Easain,56.608642,-4.872434
241,Stob Coir' an Albannaich,56.554921,-4.97981
242,Stob Coire Dheirg,56.538722,-5.040686
243,Drochaid Ghlas,56.43007,-5.109884
244,Stob Daimh [Stob Diamh],56.431271,-5.091379
245,Glas Bheinn Mhor,56.542434,-5.005236
246,Stob a'Ghlais Choire,56.623267,-4.870399
247,Aonach Eagach,56.566901,-4.87346
248,Sron a'Ghearrain,56.569067,-4.89707
249,Beinn Eunaich,56.450352,-5.026639
250,Stob Garbh,56.425885,-5.089644
251,Beinn a'Chochuill,56.44979,-5.068536
252,Sron nan Giubhas,746188,56.574154
253,Sron An Isean,56.43409,-5.084307
254,Beinn nan Aighenan,56.520221,-5.011233
255,Stob a'Choire Odhair,56.573308,-4.838302
256,Stob a'Bhruaich Leith,56.571503,-4.917431
257,Meall Cruidh,56.528722,-5.043446
258,Meall nan Eun,56.561177,-4.942893
259,Stob an Duine Ruaidh,56.523492,-5.050329
260,Meall Cuanail,56.418682,-5.130914
261,Meall nan Each,56.434316,-5.153251
262,Beinn a'Bhuiridh,56.408911,-5.09044
263,Stob Dubh,56.595405,-4.988114
264,Beinn Mhic Chasgaig,750228,56.610061
265,Beinn Udlaidh,56.458886,-4.791931
266,Beinn Bhreac-liath,56.466716,-4.756524
267,Beinn Mhic-Mhonaidh,735013,56.473069
268,Beinn nan Lus,56.492998,-5.037967
269,Meall Garbh,56.486703,-4.976877
270,Beinn Suidhe,56.518386,-4.90837
271,Meall Tairbh,56.497742,-4.843068
272,Beinn Donachain,56.442585,-4.923232
273,Ben Inverveigh,56.504002,-4.810493
274,Beinn na Sroine,56.419573,-4.864735
275,Meall Buidhe,56.494944,-4.953245
276,Beinn a'Chuirn,56.494071,-4.897651
277,Meall Mor,56.585271,-4.764582
278,Ben Nevis,56.796849,-5.003525
279,Aonach Beag,56.799998,-4.954121
280,Carn Dearg (NW) [Carn Dearg (North)],56.802212,-5.015979
281,Aonach Mor,56.812932,-4.961744
282,Carn Mor Dearg,56.805246,-4.986616
283,Carn Dearg NW Top (old GR),56.803829,-5.018427
284,Carn Dearg Meadhonach,56.809797,-4.989501
285,Stob Choire Claurigh,56.823786,-4.849624
286,Stob Choire Claurigh North Top,56.826673,-4.849775
287,Binnein Mor,56.754358,-4.925795
288,Stob Coire na Ceannain,56.830383,-4.840551
289,Stob Coire an Laoigh,56.810877,-4.884891
290,Stob Coire Easain,56.818181,-4.773709
291,Caisteal,56.814777,-4.874047
292,Stob a'Choire Mheadhoin,56.823684,-4.760199
293,Stob a'Choire Leith,56.821662,-4.858003
294,Stob Choire Bhealach,56.794785,-4.945629
295,Sgurr a'Mhaim,56.75592,-5.003674
296,Sgurr Choinnich Mor,56.800431,-4.903943
297,Stob Coire Easain,56.812523,-4.893359
298,Stob Coire Cath na Sine,56.816014,-4.8648
299,Stob an Chul Choire [Stob an Cul Choire],56.81464,-4.945375
300,Binnein Mor South Top,56.747581,-4.927207
301,Na Gruagaichean,56.743687,-4.939875
302,Na Gruagaichean NW Top [North Top],56.745763,-4.943342
303,Am Bodach,56.741727,-4.983393
304,Carn Dearg (SW) [Carn Dearg (South)],56.785879,-5.020792
305,Sgurr Eilde Mor,56.750024,-4.895453
306,Beinn na Socaich,56.819293,-4.891357
307,Carn Beag Dearg,56.817799,-4.998244
308,Sgor an Iubhair,56.745012,-5.00191
309,Stob Ban,56.743697,-5.030343
310,Stob Choire a'Mhail,56.749336,-5.005357
311,Stob Coire an Fhir Dhuibh,56.819361,-4.936928
312,An Gearanach,56.759143,-4.966203
313,Stob Coire a'Chairn,56.750744,-4.969025
314,Stob Ban,56.810647,-4.840876
315,An Garbhanach,56.755396,-4.96513
316,Sgurr a'Bhuic,56.788311,-4.941672
317,Sgurr Choinnich Beag,56.796694,-4.916153
318,Stob Coire na Gaibhre [Stob Coire Gaibhre],56.84023,-4.852564
319,Sgor Eilde Beag,56.74522,-4.912907
320,Binnein Beag,56.76699,-4.911065
321,Mullach nan Coirean,56.749867,-5.072381
322,Tom na Sroine,56.827434,-4.938757
323,Mullach nan Coirean SE Top [South Top],56.743308,-5.057286
324,Mullach nan Coirean East Top,56.74468,-5.047517
325,Meall a'Chaorainn,56.745006,-5.083959
326,Stob Coire a'Chairn South Top,56.747106,-4.975421
327,Leum Uilleim,56.738929,-4.730754
328,Cruach Innse,56.84684,-4.821936
329,Sgurr Innse,56.833314,-4.80398
330,Mam na Gualainn,56.716426,-5.081585
331,Glas Bheinn,56.736083,-4.847886
332,Cnap Cruinn,56.85768,-4.785132
333,Meall Mor,56.794678,-4.816982
334,Meall an t-Suidhe,56.81025,-5.050078
335,Beinn na Cloiche,56.743792,-4.806432
336,Meall a'Bhainne,56.757411,-4.772528
337,Creag Ghuanach,56.781438,-4.784209
338,Tom Meadhoin,56.71135,-5.126542
339,Beinn na Gucaig,56.739262,-5.168838
340,Meall na Duibhe,56.718763,-4.899613
341,Doire Ban,56.731854,-5.122963
342,Bidein Bad na h-Iolaire,56.79049,-5.087972
343,Druim na h-Earba,56.794074,-5.128432
344,Cruim Leacainn,56.881754,-5.010477
345,Ben Alder,56.813796,-4.465089
346,Geal-charn,56.837836,-4.509727
347,Aonach Beag,56.833496,-4.529181
348,Beinn Eibhinn,56.825254,-4.542082
349,Beinn a'Chlachair,56.869525,-4.509684
350,Geal Charn,56.897763,-4.457236
351,Chno Dearg,56.830086,-4.660831
352,Carn Dearg,56.855241,-4.454709
353,Sgor Iutharn,56.836293,-4.477193
354,Beinn Bheoil,56.813276,-4.430646
355,Sron Garbh,56.896973,-4.448957
356,Stob Coire Sgriodain,56.831736,-4.694917
357,Meall Garbh (old GR),56.820316,-4.670512
358,Meall Garbh,56.817669,-4.669029
359,Beinn a'Chlachair East Top,56.877771,-4.48473
360,Stob Coire Sgriodain South Top,56.827378,-4.69026
361,Sgor Gaibhre,56.772544,-4.546498
362,Sron Coire na h-Iolaire,56.801603,-4.436606
363,Carn Dearg,56.759931,-4.589888
364,Beinn na Lap,56.78939,-4.659994
365,Sgor Choinnich,56.780367,-4.548943
366,Meall Glas Choire,56.820156,-4.562889
367,Creag Pitridh,56.899712,-4.484972
368,Mullach Coire nan Nead,56.825744,-4.573893
369,Diollaid a'Chairn,56.848794,-4.482168
370,The Fara,56.928372,-4.304853
371,The Fara South Top,56.916554,-4.30884
372,Beinn a'Chumhainn,56.805321,-4.519511
373,Leacann na Sguabaich,56.907285,-4.323068
374,Beinn Pharlagain [Ben Pharlagain - Meall na Meoig],56.743606,-4.538978
375,Binnein Shuas,56.909846,-4.52591
376,Beinn Eilde,56.933896,-4.363148
377,Binnein Shios,56.938059,-4.479549
378,Meall nan Eagan,56.957105,-4.309095
379,Cruban Beag,57.003995,-4.193758
380,Creag na Doire Duibhe,56.985618,-4.280738
381,Meall Luidh Mor,56.881732,-4.599608
382,Sron Smeur,56.707494,-4.530629
383,Beinn Udlamain,56.835472,-4.329913
384,Sgairneach Mhor,773130,56.828447
385,Sgairneach Mhor (old GR),56.824983,-4.303873
386,A'Mharconaich,56.856993,-4.290668
387,Bruach nan Iomairean (1974 position),56.853247,-4.294998
388,Meall Chuaich,56.96385,-4.112585
389,Carn na Caim,56.911739,-4.174494
390,A'Bhuidheanach Bheag,56.870399,-4.198839
391,Glas Mheall Mor,56.865197,-4.165819
392,Geal-charn,56.874433,-4.304519
393,Meall a'Chaorainn,56.869972,-4.222918
394,Carn na Caim South Top [Mullach Coire nan Cisteachan],56.898238,-4.195254
395,Beinn a'Chuallaich,56.729024,-4.151523
396,Stob an Aonaich Mhoir,56.793293,-4.396092
397,Beinn Mholach,56.759525,-4.3121
398,Glas Mheall Mor,56.775052,-4.352551
399,An Dun,56.898097,-4.107425
400,An Dun,780143,56.894806
401,The Sow of Atholl [Meall an Dobharchain],56.838121,-4.25515
402,Meall na Leitreach,56.804175,-4.227884
403,Creag Ruadh,56.966377,-4.163957
404,Creag a'Mhadaidh,56.756739,-4.234726
405,Drumcroy Hill,56.741272,-4.058998
406,Beinn Dearg,56.877346,-3.883719
407,An Sgarsoch,56.931928,-3.754367
408,Carn an Fhidhleir [Carn Ealar],56.935919,-3.801661
409,Carn a'Chlamain,56.860968,-3.779629
410,Carn a'Chlamain North Top,56.863886,-3.783349
411,Druim Sgarsoch,56.931614,-3.735187
412,Beinn Gharbh,56.888602,-3.886895
413,Leathad an Taobhain,56.948652,-3.93864
414,Beinn Bhreac,56.916127,-3.86034
415,Beinn Mheadhonach,56.860948,-3.838457
416,A'Chaoirnich [Maol Creag an Loch],56.90042,-4.078177
417,Carn Dearg Mor,56.996795,-3.938665
418,Carn an Fhidhleir Lorgaidh,56.964385,-3.882731
419,Meall Odhar a'Chire,56.883086,-3.976334
420,Meallach Mhor,56.9928,-4.01522
421,Beinn a'Ghlo - Carn nan Gabhar,56.839837,-3.688006
422,Beinn a'Ghlo - Braigh Coire Chruinn-bhalgain,56.831083,-3.729505
423,Airgiod Bheinn,56.827794,-3.702754
424,Glas Tulaichean,56.865757,-3.55818
425,Beinn Iutharn Mhor,56.894994,-3.568229
426,Carn an Righ,56.876565,-3.595272
427,Mam nan Carn,56.883272,-3.562257
428,Carn a'Gheoidh,56.873074,-3.466617
429,Beinn a'Ghlo - Carn Liath,56.80777,-3.744106
430,Beinn Iutharn Bheag,56.893983,-3.536059
431,Carn nan Gabhar North Top,56.851279,-3.683716
432,Carn Bhac,56.930541,-3.56088
433,An Socach,56.902295,-3.513148
434,An Socach East Top,56.907745,-3.481213
435,The Cairnwell,56.879492,-3.42128
436,Carn Bhac SW Top,56.926207,-3.576867
437,Carn nan Sac,56.875594,-3.446286
438,Carn Aosda,56.895696,-3.423274
439,Carn Bhinnein,56.868989,-3.492198
440,Carn a'Bhutha,56.9192,-3.588811
441,Ben Vuirich,56.810737,-3.644008
442,Sgor Mor,56.9253,-3.455573
443,Meall a'Choire Bhuidhe,56.820984,-3.538363
444,Morrone,313210,788650
445,Ben Vrackie,56.748956,-3.717273
446,Ben Gulabin,56.832632,-3.475885
447,Meall Uaine,56.789326,-3.457453
448,Blath Bhalg,56.731393,-3.604401
449,Creag an t-Sithein,765831,56.773948
450,Creag nam Mial,56.669205,-3.545536
451,Creag nam Brataichean,56.735206,-3.449997
452,Meall Dail Min,56.801079,-3.815947
453,Deuchary Hill,56.618568,-3.570325
454,Hill of Persie,56.687967,-3.434219
455,Craig a Barns,56.584735,-3.605277
456,Newtyle Hill,56.559312,-3.54722
457,Lochnagar - Cac Carn Beag,56.960263,-3.245261
458,Cac Carn Mor,56.956236,-3.242758
459,Carn a'Choire Bhoidheach,56.945773,-3.272707
460,Cuidhe Crom,56.949622,-3.218223
461,Glas Maol,56.873059,-3.368236
462,Creag a'Ghlas-uillt,56.943172,-3.247354
463,Cairn of Claise,56.894178,-3.338654
464,Top of Eagle's Rock,56.939632,-3.255404
465,Carn an t-Sagairt Mor,56.942973,-3.303227
466,Carn an t-Sagairt Beag,56.948354,-3.289457
467,Carn an Tuirc,317454,780483
468,Cairn Bannoch,56.927719,-3.278435
469,Fafernie,56.925451,-3.291058
470,Broad Cairn,56.919157,-3.249066
471,Cairn of Gowal,56.922799,-3.273116
472,Creag Leacach,56.854631,-3.387751
473,Creag an Dubh-loch,56.924712,-3.261681
474,Cairn of Gowal (old GR),56.919224,-3.271352
475,Meikle Pap,56.959895,-3.218722
476,Meall Coire na Saobhaidhe,56.970625,-3.247597
477,Little Glas Maol,56.867704,-3.353407
478,Druim Mor,56.878594,-3.330713
479,Tolmount,56.904733,-3.297946
480,Tom Buidhe,56.893615,-3.292356
481,Little Pap,56.945314,-3.210356
482,Creag Leachdach,56.918937,-3.299268
483,Driesh,56.848003,-3.196523
484,Creag Leacach SW Top,774171,56.851149
485,Mount Keen,56.969751,-2.973622
486,Mayar,56.848936,-3.246316
487,Craig of Gowal,56.91302,-3.262929
488,Meall Odhar,56.879846,-3.386601
489,Crow Craigies,56.903555,-3.278956
490,Finalty Hill,56.860427,-3.293147
491,Ben Tirran,56.858703,-3.029169
492,Conachcraig,56.964265,-3.186563
493,Hill of Strone,56.842063,-3.168737
494,Creag nan Gabhar,56.940515,-3.391006
495,Monamenach,56.820186,-3.351546
496,Mount Battock,56.949266,-2.741962
497,Mount Blair,56.75086,-3.363136
498,Badandun Hill,56.795684,-3.299186
499,Hunt Hill,56.911948,-3.019778
500,Duchray Hill [Mealna Letter],56.789266,-3.374122
501,Hill of Wirren,56.854382,-2.784029
502,Cat Law,56.736291,-3.114994
503,Corwharn,56.772034,-3.165529
504,The Coyles of Muick,57.005595,-3.106821
505,Crock,56.754443,-3.267063
506,Meall Mor,56.726518,-3.35258
507,Kerloch,56.981161,-2.500912
508,Hare Cairn,762347,56.746558
509,Creigh Hill,56.720222,-3.193099
510,Creag Ghiubhais,57.045127,-3.13478
511,Balduff Hill,56.667698,-3.267764
512,Strathfinella Hill,56.89896,-2.50554
513,Mile Hill,56.700908,-3.126197
514,Craiglea Hill,56.696506,-3.236113
515,Cairn-mon-earn,57.017958,-2.359621
516,Hill of Goauch,57.037459,-2.556801
517,Hill of Garvock,56.813371,-2.449336
518,Ben Macdui [Beinn Macduibh],57.070377,-3.669099
519,Braeriach,57.078297,-3.728406
520,Ben Macdui North Top,57.076003,-3.665623
521,Cairn Toul,57.054405,-3.71079
522,Carn na Criche,57.063181,-3.750644
523,Sgor an Lochain Uaine,57.058369,-3.725797
524,Stob Coire Sputan Dearg,57.066651,-3.654005
525,Cairn Gorm,57.116714,-3.644477
526,Stob Coire an Lochain,57.076303,-3.749728
527,Cairn Lochan,57.102734,-3.676959
528,Stob Coire an t-Saighdeir,57.046588,-3.711486
529,Beinn a'Bhuird [Beinn a'Bhuird North Top],57.08759,-3.499366
530,Sron na Lairige,57.084806,-3.710457
531,Beinn Mheadhoin,57.095849,-3.611464
532,Beinn a'Bhuird South Top,57.069434,-3.49915
533,Beinn a'Bhuird South Top (old GR),57.063374,-3.501837
534,Stob Coire an t-Sneachda,57.106822,-3.658767
535,Cnap a'Chleirich,57.091401,-3.474269
536,Ben Avon - Leabaidh an Daimh Bhuidhe,57.099347,-3.434422
537,Beinn Mheadhoin SW Top [S Top],57.090969,-3.621287
538,Beinn Bhrotain,57.009868,-3.723813
539,Derry Cairngorm,57.062801,-3.622004
540,Cnap Coire na Spreidhe,57.124508,-3.631029
541,A'Chioch,57.069532,-3.490907
542,Fiacaill a'Choire Chais,57.115923,-3.654714
543,Ben Avon SW Top [Ben Avon South Top],57.094879,-3.444103
544,Mullach Lochan nan Gabhar,57.102317,-3.415799
545,Stuc Gharbh Mhor,57.094822,-3.408862
546,Carn Etchachan,57.088321,-3.646603
547,Clach Choutsaich,57.099591,-3.415332
548,Sgor Gaoith,57.068561,-3.810856
549,Monadh Mor,57.02679,-3.750102
550,Stuc Garbh Mhor (old GR),57.098177,-3.410095
551,Sgoran Dubh Mor,57.080415,-3.808167
552,Sron Riach,57.060289,-3.650622
553,Beinn Bhrotain East Top,57.010526,-3.709878
554,Creagan a'Choire Etchachan,57.076937,-3.631514
555,Stob an t'Sluichd,57.107013,-3.467591
556,Fiacaill Coire an t-Sneachda,57.109472,-3.671633
557,Bynack More,57.137833,-3.584716
558,Carn Eas,57.075982,-3.448994
559,Beinn a'Chaorainn,57.093326,-3.577436
560,Fiacaill na Leth-choin,57.10142,-3.693178
561,Stob Coire Etchachan,57.085399,-3.61078
562,Stob Bac an Fhurain,57.112488,-3.428232
563,Stob Dubh an Eas Bhig,57.084593,-3.432109
564,Creag an Leth-choin [Lurcher's Crag],57.109393,-3.704869
565,Carn Ban Mor,57.052556,-3.825279
566,Little Cairngorm,57.055769,-3.616965
567,Carn a'Mhaim,57.036871,-3.6584
568,Sron a'Cha-no,57.134319,-3.627348
569,Creag an Leth-choin North Top,57.114409,-3.705744
570,West Meur Gorm Craig,57.116155,-3.399597
571,Mullach Clach a'Bhlair,57.011879,-3.841271
572,Beinn a'Chaorainn Bheag,57.096692,-3.557556
573,A'Choinneach,57.124176,-3.600338
574,Stacan Dubha,57.092907,-3.633785
575,The Devil's Point,57.035728,-3.688788
576,Meall Dubhag,57.037409,-3.846588
577,Leth-chreag,57.023645,-3.777599
578,Sgurr an Lochan Uaine,57.072553,-3.609795
579,Meall Buidhe,57.079875,-3.830515
580,Diollaid Coire Eindart,57.012367,-3.806472
581,Creag an Dail Mhor,57.066765,-3.433296
582,Bynack Beg,57.142315,-3.594113
583,Mullach Clach a'Bhlair North Top,57.027876,-3.828155
584,Big Brae,57.113024,-3.390314
585,Carn Cloich-mhuilinn,56.995773,-3.699308
586,East Meur Gorm Craig,57.121059,-3.390087
587,Beinn Bhreac,57.055063,-3.553471
588,Beinn Bhreac West Top,57.056101,-3.56321
589,Geal-charn,57.09013,-3.843217
590,Tom Dubh,http://www.hill-bagging.co.uk/mountaindetails.php?qu=S&rf=590,292142
591,Druim nam Bo,792127,57.006499
592,Meall Gaineimh,57.129341,-3.377974
593,Culardoch,57.073364,-3.331887
594,Creag Mhor,57.124246,-3.558416
595,Carn Liath,797623,57.06204
596,Creag an Dail Bheag,798159,57.066716
597,Brown Cow Hill,57.124384,-3.288211
598,Geal Charn,57.196016,-3.506737
599,Carn na Drochaide,57.027417,-3.439163
600,Sgor Mor,57.003153,-3.636334
601,Meall a'Bhuachaille,57.18355,-3.671106
602,Carn Ealasaid,57.190245,-3.279515
603,Geallaig Hill,57.069283,-3.159515
604,Cnap Chaochan Aitinn,57.172582,-3.414366
605,Carn na Farraidh,57.214914,-3.467782
606,Creag Bhalg,57.003309,-3.49688
607,Craig Leek,57.020883,-3.344003
608,Meall Alvie,57.011752,-3.312936
609,Ord Ban,57.154198,-3.833722
610,Carn Glas-choire,57.339454,-3.843279
611,Carn nan Tri-tighearnan,57.426358,-3.961524
612,Carn na Loine,57.405721,-3.549477
613,Creag Ealraich,57.352435,-3.758043
614,Meall Mor,57.393004,-4.102492
615,Craig Tiribeg,57.403078,-3.689994
616,Beinn Mhor,57.33229,-3.67312
617,Knock of Braemoray,57.455091,-3.648489
618,Brown Muir,57.577826,-3.241564
619,Hill of the Wangie,853743,57.565477
620,Burgiehill,855912,57.584174
621,Carn Dearg,57.092261,-4.253246
622,Carn Ban [1891: Carn Mairg],57.099149,-4.259938
623,A'Chailleach,57.109564,-4.179285
624,Geal Charn,57.057418,-4.373572
625,Carn Dearg SE Top,57.086621,-4.249537
626,Carn Sgulain,57.124371,-4.176986
627,Carn Ballach (SW Top),57.111122,-4.241427
628,Sneachdach Slinnean,57.094567,-4.27597
629,Carn Ballach (NE Top),264779,804824
630,Meall a'Bhothain,57.122355,-4.209
631,Gairbeinn,57.051993,-4.539681
632,Corrieyairack Hill,57.060462,-4.590882
633,Carn an Fhreiceadain,807134,57.137355
634,Meall na h-Aisre,57.067424,-4.450362
635,Marg na Craige,57.046318,-4.275175
636,Geal-charn Mor,57.186945,-3.926922
637,Carn Dearg,57.031129,-4.720434
638,Carn a'Chuilinn,57.094268,-4.614836
639,Carn na Saobhaidhe,814408,57.198957
640,Carn na Laraiche Maoile,57.169704,-4.343448
641,Carn Easgann Bana,57.122567,-4.504029
642,Carn Dearg,57.015739,-4.707348
643,Creag Dhubh,797234,57.047149
644,Cnoc Fraing,57.203853,-3.97806
645,Creag Liath,57.078397,-4.206202
646,Carn na h-Easgainn,832081,57.361811
647,Beinn Mheadhoin,57.262503,-4.315906
648,Beinn a'Bhacaidh,57.17125,-4.595836
649,Cnoc Thulagain,57.270391,-4.086118
650,Creag a'Chliabhain,57.253615,-4.36227
651,Meall an Tarsaid (old GR),57.183514,-4.49725
652,Meall an Tarsaid,57.184999,-4.498526
653,Creag Bheag,57.0896,-4.071025
654,Tom Bailgeann,57.333921,-4.346587
655,Stac na Cathaig,57.341387,-4.261275
656,Stac Gorm,827321,57.315815
657,Creag nan Clag,57.324069,-4.330809
658,Creag Meagaidh,56.952042,-4.602085
659,Creag Meagaidh East Top,56.952604,-4.592338
660,Puist Coire Ardair,56.950234,-4.57132
661,Creag Mhor,56.950911,-4.562847
662,Stob Poite Coire Ardair,56.964064,-4.585764
663,Beinn a'Chaorainn,56.928643,-4.653628
664,Stob Poite Coire Ardair East Top [Crom Leathad],56.966606,-4.572521
665,Beinn a'Chaorainn South Top,56.923718,-4.652769
666,Beinn a'Chaorainn North Top,56.93431,-4.657598
667,Meall Coire Choille-rais,56.941041,-4.577839
668,Carn Liath,56.978793,-4.515322
669,Sron a'Choire [Sron a'Ghoire],56.955039,-4.553032
670,Sron Coire a'Chriochairein,56.974373,-4.555095
671,An Cearcallach,56.932743,-4.594034
672,Meall an-t-Snaim,56.979012,-4.537168
673,A'Bhuidheanach,56.982433,-4.50119
674,Stob Coire Dubh,56.991724,-4.476615
675,Beinn Teallach,785973,56.935928
676,Carn Dearg,56.959813,-4.723327
677,Beinn Iaruinn,56.970146,-4.803152
678,Leana Mhor,56.950304,-4.821777
679,Leana Mhor,56.951771,-4.76904
680,Creag Dhubh,56.902955,-4.755798
681,Creag Ruadh [Carn Ban],255806,791392
682,Beinn a'Mhonicag,56.928458,-4.815655
683,Gleouraich,57.097163,-5.238035
684,Sgurr a'Mhaoraich,57.105573,-5.330434
685,Aonach air Chrith,57.12464,-5.221291
686,The Saddle - Trig Point,57.161822,-5.416621
687,Sgurr an Doire Leathain,57.136861,-5.28153
688,The Saddle,57.162395,-5.414721
689,Creag Coire na Fiar Bhealaich [Craig Coire na Fiar Bhealaich],805110,57.095382
690,Sgurr an Lochain,57.141241,-5.297528
691,Spidean Mialach,57.088973,-5.193631
692,Druim Shionnach,57.126794,-5.182841
693,Maol Chinn-dearg,57.12756,-5.252651
694,Spidean Mialach West Top,57.089877,-5.199753
695,Beinn Sgritheall,57.153824,-5.579728
696,The Saddle West Top,57.159594,-5.426038
697,Sgurr na Forcan,57.161927,-5.407812
698,The Saddle East Top [1974: Sgurr nan Forcan],57.161694,-5.410735
699,Sgurr a'Mhaoraich Beag,57.106969,-5.341777
700,Creag a'Mhaim,57.120962,-5.160064
701,Sgurr na Sgine,57.147098,-5.39665
702,Sgurr na Sgine NW Top,57.148987,-5.400892
703,Spidean Dhomhuill Bhric [1891: Sgurr na Creige],57.160084,-5.437697
704,Druim Shionnach West Top,57.123854,-5.201594
705,Beinn Sgritheall NW Top,57.158001,-5.581737
706,The Saddle North Top [1921: Sgurr na Creige],57.168577,-5.417056
707,Sgurr Leac nan Each,57.163241,-5.445172
708,Creag nan Damh,57.147263,-5.334597
709,Beinn Sgritheall East Top,57.15136,-5.56399
710,Sgurr Thionail,57.126862,-5.330695
711,Faochag,57.156104,-5.383415
712,Sgurr Coire na Feinne,57.132146,-5.260178
713,Buidhe Bheinn,57.127133,-5.366446
714,Am Bathaich,57.114265,-5.324531
715,Buidhe Bheinn West Top,57.124138,-5.377042
716,Sgurr a'Bhac Chaolais,57.144675,-5.376325
717,Druim Fiaclach,56.851345,-5.623684
718,Beinn na h-Eaglaise,57.148629,-5.548692
719,Druim nan Cnamh [Beinn Loinne],57.122035,-5.089277
720,Sgurr Mhic Bharraich,57.19958,-5.448675
721,Beinn nan Caorach,57.150469,-5.520434
722,Beinn a'Chapuill,57.17319,-5.582876
723,Druim Fada,808338,57.117596
724,Biod an Fhithich,57.177536,-5.391772
725,Beinn Clachach,57.140331,-5.495609
726,Beinn a'Chuirn,57.238986,-5.53133
727,Beinn Mhialairigh,57.153685,-5.638889
728,Beinn a'Chaoinich,818396,57.206171
729,Glas Bheinn,57.243314,-5.612072
730,Sgurr na Ciche,57.013452,-5.456854
731,Ladhar Bheinn,57.075263,-5.591745
732,Garbh Chioch Mhor,57.008547,-5.444321
733,Sgurr Mor,57.028437,-5.354205
734,Garbh Chioch Bheag,57.007209,-5.430208
735,Stob a'Choire Odhair,57.078494,-5.581904
736,Sgurr nan Coireachan,57.007158,-5.40544
737,Meall Buidhe,57.031553,-5.546318
738,Meall Buidhe SE Top,57.029704,-5.540173
739,Luinne Bheinn,57.048335,-5.513592
740,Luinne Bheinn East Top,57.047985,-5.509088
741,Gairich,57.044879,-5.255827
742,Sgurr a'Choire-bheithe,801597,57.057215
743,Sgurr an Fhuarain,57.028875,-5.317877
744,Sgurr nan Eugallt,57.087947,-5.422658
745,Sgurr nan Eugallt East Top,57.08466,-5.415965
746,Sgurr Beag,57.01972,-5.36344
747,Ben Aden [Beinn an Aodainn],57.030736,-5.463143
748,Fraoch Bheinn,56.993482,-5.316898
749,Beinn Bhuidhe,57.010102,-5.589145
750,Aonach Sgoilte,57.064592,-5.56406
751,Sgurr Cos na Breachd-laoidh,56.997579,-5.378768
752,Sgurr Coire Choinnichean,57.047637,-5.643923
753,Beinn na Caillich,57.098269,-5.640339
754,Meall Bhasiter,57.01543,-5.54928
755,Slat Bheinn,57.068164,-5.449072
756,Meall nan Eun,57.090151,-5.461866
757,Druim na Cluain-airighe,57.067143,-5.710454
758,Sron a'Choire Ghairbh,57.007839,-4.928763
759,Meall na Teanga,56.989111,-4.930946
760,Meall Coire Lochain,56.984585,-4.939214
761,Ben Tee,57.032239,-4.900715
762,Meall a'Choire Ghlais,57.017934,-4.935257
763,Sgurr Mhurlagain,56.998469,-5.273676
764,Meall na h-Eilde,57.007047,-4.989603
765,Meall Coire nan Saobhaidh,57.011105,-5.007804
766,Geal Charn,57.002612,-5.037526
767,Meall Dubh,57.127923,-4.900431
768,Sgurr Choinnich [Sgurr Choinich],57.007771,-5.084898
769,Glas Bheinn,56.981951,-5.010604
770,Meall Blair,57.006388,-5.167566
771,Burach,57.189425,-4.67736
772,Glas Bheinn,57.029785,-5.077949
773,Gulvain [Gaor Bheinn],56.936184,-5.284525
774,Sgurr Thuilm,56.937056,-5.389207
775,Gulvain South Top,56.925892,-5.293368
776,Sgurr nan Coireachan,56.935728,-5.448551
777,Streap,56.923006,-5.375537
778,Beinn Gharbh,56.931614,-5.482456
779,Bidein a'Chabair,56.980354,-5.475517
780,Carn Mor,56.962009,-5.450735
781,Beinn an Tuim,56.896866,-5.401597
782,Sgurr an Utha,56.898697,-5.474509
783,Beinn Bhan,56.925261,-5.056843
784,Meall a'Phubuill,56.918018,-5.239027
785,Braigh nan Uamhachan,56.92688,-5.32867
786,Druim Fada - Stob a'Ghrianain,56.893355,-5.142257
787,Mullach Coire nan Geur-oirean,56.953502,-5.209648
788,An Stac,56.942057,-5.508613
789,Meith Bheinn,56.925165,-5.581421
790,Meall Onfhaidh,56.905207,-5.269101
791,Aodann Chleireig,56.890769,-5.293756
792,Glas-charn,56.894814,-5.537558
793,Sithean Mor [Sidhean Mor],56.915091,-5.731697
794,Druim a'Chuirn,56.938648,-5.573373
795,Beinn nan Cabar,56.916284,-5.67295
796,Carn a'Ghobhair [Sgurr Eireagoraidh],57.002335,-5.761314
797,Creag Bhan,56.900161,-5.643269
798,Cruach Dhubh an Ruidhe Fearna,56.933739,-5.671848
799,Sgurr Bhuidhe,172269,794582
800,Meall Bhanabhie [Meall Bhanbhaidh],56.863667,-5.092535
801,Cruach Doir'an Raoigh,56.879463,-5.719503
802,Sgurr na Dubh-chreige,56.977369,-5.801918
803,Carn Eige [Carn Eighe],57.287702,-5.115126
804,Mam Sodhail,57.279801,-5.120267
805,Sgurr nan Ceathreamhnan [Sgurr nan Ceathramhnan],57.254911,-5.222732
806,Stob a'Choire Dhomhain [1891: Creag na h-Eige],57.28993,-5.102449
807,Sgurr nan Ceathreamhnan West Top,57.254451,-5.229442
808,Stob Coire Dhomhnuill,57.288705,-5.091307
809,Sron Garbh,57.290261,-5.080597
810,Tom a'Choinich,57.299554,-5.048945
811,Ciste Dhubh,57.2733,-5.129706
812,Stuc Bheag,57.262666,-5.229133
813,An Tudair [1891: Saoiter Mor],57.267659,-5.106713
814,Stob Coire Coulavie [Carn Coulavie],57.267825,-5.135844
815,Sgurr Fhuaran,57.196133,-5.347616
816,An Tudair North Top,57.271035,-5.114862
817,Creag Coire nan Each [Creag a'Chaoruinn],57.260493,-5.129265
818,Toll Creagach,57.309227,-4.999953
819,An Leth-chreag,57.295941,-5.0652
820,Stuc Mor,57.267603,-5.229399
821,Sgurr a'Bhealaich Dheirg,57.177825,-5.252177
822,Sgurr na Lapaich,57.272748,-5.063121
823,Beinn Fhada,57.220993,-5.283518
824,Tom a'Choinich Beag,57.298936,-5.059571
825,Sgurr na Ciste Duibhe,814953,57.180923
826,Beinn Fhionnlaidh,57.305995,-5.129911
827,Sgurr na Carnach,57.189025,-5.349224
828,Aonach Meadhoin,57.173091,-5.229122
829,Mullach Cadha Rainich,57.274141,-5.087347
830,Creag nan Clachan Geala,57.257402,-5.247859
831,Sgurr nan Spainteach,57.18177,-5.324911
832,Sgurr an Fhuarail,57.175238,-5.220058
833,Mullach na Dheiragain,57.283399,-5.18635
834,Ciste Dhubh,57.199234,-5.209015
835,Mullach Sithidh [Creag a'Choire Ard],57.287966,-5.183856
836,Carn na Con Dhu,57.267575,-5.197823
837,Sgurr nan Ceathreamhnan East Top,57.25237,-5.20964
838,Sgurr a'Dubh Doire,57.215322,-5.256207
839,Saileag,57.181273,-5.281315
840,Meall an Fhuarain Mhoir [Ceum na h-Aon Choise],57.22345,-5.314528
841,Toll Creagach West Top,57.301961,-5.026727
842,Creag a'Choir Aird E Top,57.289801,-5.176012
843,Stob Coire nan Dearcag,57.25247,-5.19867
844,Sgurr nan Saighead,57.206016,-5.354888
845,An Socach,57.257533,-5.171293
846,A'Ghlas-bheinn,57.255081,-5.30367
847,Stuc Fraoch Choire,57.276769,-5.232625
848,Meall an Fhuarain Mhoir West Top,57.224022,-5.321151
849,Stob Coire Lochan,57.296263,-5.12299
850,Stob Coire na Cloiche,57.254569,-5.1925
851,Frith an Achaidh Mhoir [Creag na h-Eige],57.306794,-5.088575
852,An Socach North Top,57.261723,-5.163027
853,Sgurr an Airgid,57.248593,-5.415477
854,Sgurr Gaorsaic,57.245255,-5.256941
855,Am Bathach,57.179247,-5.189124
856,Carnan Cruithneachd,57.278909,-5.328621
857,Carn Loch na Gobhlaig,57.328006,-4.896821
858,Carn Bad a'Chreamha,57.281501,-5.442895
859,Beinn a'Mheadhoin,57.285802,-4.957214
860,Meall Sguman,57.288131,-5.282545
861,Beinn a'Mheadhain [Beinn a'Mheadhoin],57.302466,-5.456964
862,A'Chraileag [A'Chralaig],57.18424,-5.154842
863,Sgurr nan Conbhairean,57.177613,-5.095423
864,Mullach Fraoch-choire,57.20545,-5.155691
865,Mullach Fraoch-choire NE Top [E Top],57.207532,-5.148647
866,Stob Coire na Craileig [Stob Coire na Cralaig] [Mullach Fraoch-choire S Top],57.19769,-5.160808
867,Sail Chaorainn [Sail Chaoruinn],57.191804,-5.091098
868,Drochaid an Tuill Easaich,57.173174,-5.110227
869,Carn na Coire Mheadhoin (Centre Top),57.195627,-5.08953
870,Creag a'Chaorainn,57.171382,-5.083071
871,Carn Ghluasaid,57.16595,-5.068174
872,A'Chioch,57.188425,-5.132532
873,Tigh Mor na Seilge (NNE Top),57.202411,-5.079763
874,Carn a'Mhadaidh-ruaidh,57.185597,-5.078876
875,Aonach Shasuinn,57.216381,-5.026852
876,Carn a'Choire Ghairbh,57.222594,-5.087627
877,Carn a'Chaochain,57.216744,-4.924349
878,Meall Fuar-mhonaidh,57.264442,-4.560048
879,Meall a'Chrathaich,57.260004,-4.719465
880,Carn Mhic an Toisich,57.226721,-4.800146
881,Glas-bheinn Mhor,57.272212,-4.593933
882,Creag Dhubh,57.251019,-4.94378
883,Carn Fiaclach,57.303248,-4.858501
884,Sgurr a'Choire Ghlais,57.443947,-4.902963
885,Sgurr a'Chaorachain,57.452492,-5.1893
886,Sgurr Fhuar-thuill,57.44968,-4.94178
887,Bidean an Eoin Deirg,57.44946,-5.162161
888,Creag Ghorm a'Bhealaich,57.447785,-4.926673
889,Sgurr na Fearstaig,57.449186,-4.954411
890,Maoile Lunndaidh,57.464477,-5.111002
891,Creag Toll a'Choin,57.459567,-5.117655
892,Sgurr Choinnich,57.451026,-5.207916
893,Carn nam Fiaclan,57.460891,-5.129656
894,Sgurr na Ruaidhe,57.441488,-4.852464
895,Carn nan Gobhar,57.452331,-4.879935
896,Lurg Mhor,57.413091,-5.223666
897,Meall Mor,57.414539,-5.211667
898,Bidein a'Choire Sheasgaich,57.419718,-5.250473
899,Moruisg,849939,57.499712
900,Sgurr nan Ceannaichean,57.482307,-5.192321
901,Aonach na Reise [Sgurr na Ruaidhe East Top],57.444161,-4.827579
902,Sgurr na Conbhaire,57.439745,-5.19946
903,Sgurr a'Mhuilinn,57.558383,-4.902303
904,Beinn Tharsuinn,57.438689,-5.241955
905,Beinn a'Bha'ach Ard [Beinn a'Bhathaich Ard],57.451935,-4.733922
906,Sgurr na Feartaig,57.457045,-5.243648
907,Bac an Eich,57.495759,-4.968274
908,Sgurr a'Choire-rainich,57.5682,-4.930968
909,Meallan nan Uan,57.546909,-4.902962
910,An Sidhean,57.46181,-5.050778
911,Beinn Dronaig,57.391571,-5.267939
912,Beinn na Muice,57.417422,-4.967458
913,Meall na Faochaig,57.529015,-4.911914
914,Carn na Coinnich,57.518527,-4.799112
915,Beinn Mheadhoin,57.486552,-4.906312
916,Creag Dhubh Mhor,57.409763,-5.359872
917,Sgurr Marcasaidh,57.593363,-4.755461
918,Creag Loch nan Dearcag,57.569833,-4.788288
919,Carn nan Iomairean,57.359379,-5.469406
920,Beinn Conchra,57.304041,-5.5091
921,Auchtertyre Hill,828950,57.299507
922,Beinn Raimh,57.320373,-5.576148
923,Creag Mhor,57.32644,-5.484363
924,Carn Faire nan Con,57.594061,-4.685922
925,Torr Achilty,57.559133,-4.59642
926,Sgurr na Lapaich,57.369319,-5.059743
927,An Riabhachan,57.362438,-5.104728
928,An Riabhachan NE Top,57.365129,-5.097271
929,Sgurr nan Clachan Geala,57.361399,-5.057952
930,An Riabhachan SW Top,57.354219,-5.121944
931,An Socach,57.350229,-5.158603
932,An Socach East Top,57.351225,-5.152935
933,Rubha na Spreidhe,57.373749,-5.056485
934,An Riabhachan West Top,57.355399,-5.131241
935,Braigh a'Choire Bhig (North Top),57.353634,-5.066787
936,Carn nan Gobhar,57.363304,-5.024544
937,Creag a'Chaorainn,57.357706,-5.047171
938,Braigh a'Choire Bhig,57.350086,-5.064829
939,Creag Dubh,57.370425,-4.995485
940,Aonach Buidhe,57.341161,-5.229309
941,Sguman Coinntich,57.31878,-5.361278
942,Faochaig,57.332915,-5.288039
943,Sgorr na Diollaid,57.384228,-4.860012
944,An Cruachan,57.373256,-5.171898
945,Carn na Breabaig,57.320865,-5.21244
946,Carn Gorm,57.379252,-4.781762
947,Meallan Odhar Doire nan Gillean,57.39293,-5.069706
948,Beinn Dubh an Iaruinn,57.407258,-5.027053
949,Carn a'Bhodaich,57.405378,-4.382006
950,Meall na h-Eilrig,57.360439,-4.433617
951,Carn nam Bad,57.367619,-4.65923
952,Meall Innis an Loichel,57.405427,-4.99085
953,Liathach - Spidean a'Choire Leith,57.564198,-5.463592
954,Liathach - Mullach an Rathain,57.560891,-5.49255
955,Beinn Eighe - Ruadh-stac Mor,57.593735,-5.429454
956,Beinn Eighe - Spidean Coire nan Clach,57.582098,-5.403706
957,Beinn Alligin - Sgurr Mhor,57.59082,-5.572764
958,Stob a'Choire Liath Mhor [Stob a'Coire Liath Mhor] [1933: Bidean Toll a'Mhuic],57.565485,-5.459279
959,Sail Mhor,57.588074,-5.451133
960,Coinneach Mhor,57.583242,-5.440081
961,Sgurr Ban,57.584618,-5.389899
962,Sgurr nan Fhir Duibhe,57.584963,-5.378048
963,Northern Pinnacles [Meall Dearg],57.563251,-5.489464
964,Coinneach Mhor (old GR),57.584237,-5.430618
965,Creag Dhubh,57.588786,-5.375942
966,Creag Dhubh (North Top),57.592,-5.372039
967,Am Fasarinen,57.559451,-5.473076
968,Beinn Alligin - Tom na Gruagaich,57.580519,-5.581912
969,Stuc a'Choire Dhuibh Bhig,57.567088,-5.442403
970,Beinn Dearg,57.588177,-5.522871
971,Ruadh-stac Beag,57.596383,-5.393975
972,Meall a'Ghiubhais [Meall a'Ghiuthais],57.615191,-5.390202
973,Baosbheinn,57.628246,-5.568633
974,Beinn an Eoin,57.622829,-5.509791
975,Beinn a'Chearcaill,863787,57.616412
976,An Ruadh-mheallan,57.591147,-5.622183
977,Meall an Doirein,57.717343,-5.596307
978,Meall Lochan a'Chleirich,57.683943,-5.571023
979,Sithean Mor [Sidhean Mor],57.703642,-5.63374
980,An Cuaidh,57.835629,-5.766643
981,Sgorr Ruadh,57.498622,-5.407747
982,Maol Chean-dearg,57.491697,-5.465549
983,Beinn Liath Mhor,57.512074,-5.400617
984,Fuar Tholl,57.485385,-5.379188
985,Raeburn's Buttress [Sgorr Ruadh East Top],57.500457,-5.400053
986,Beinn Damh,57.492846,-5.518149
987,Beinn Bhan,57.442348,-5.661686
988,An Ruadh-stac,57.475007,-5.468339
989,Sgorr nan Lochan Uaine,57.522771,-5.393259
990,Sgurr a'Chaorachain,57.412544,-5.670353
991,Sgurr Dubh,57.54691,-5.378786
992,Beinn na h-Eaglaise,57.512958,-5.493208
993,Sgurr a'Gharaidh,57.44017,-5.527306
994,Carn Breac,57.524874,-5.266332
995,Beinn a'Chlachain [Meall an Doireachain],57.474397,-5.79749
996,Beinn na Feusaige,57.537839,-5.192462
997,Ben Shieldaig,57.509831,-5.618389
998,An Staonach,182999,848095
999,Bidein Clann Raonaild,57.580711,-5.256997
0032,Cnoc Loch na Creige Ruaidhe,58.281156,-5.103998
